run;type;module;name;attrname;attrvalue;value
XMAC_bestSD_small-11-20230516-17:47:38-10012;runattr;;;configname;XMAC_bestSD_small;
XMAC_bestSD_small-11-20230516-17:47:38-10012;runattr;;;datetime;20230516-17:47:38;
XMAC_bestSD_small-11-20230516-17:47:38-10012;runattr;;;datetimef;20230516-174738;
XMAC_bestSD_small-11-20230516-17:47:38-10012;runattr;;;experiment;XMAC_bestSD_small;
XMAC_bestSD_small-11-20230516-17:47:38-10012;runattr;;;inifile;omnetpp.ini;
XMAC_bestSD_small-11-20230516-17:47:38-10012;runattr;;;iterationvars;$N=16;
XMAC_bestSD_small-11-20230516-17:47:38-10012;runattr;;;iterationvarsd;N=16;
XMAC_bestSD_small-11-20230516-17:47:38-10012;runattr;;;iterationvarsf;N=16-;
XMAC_bestSD_small-11-20230516-17:47:38-10012;runattr;;;measurement;$N=16;
XMAC_bestSD_small-11-20230516-17:47:38-10012;runattr;;;network;SimMAC;
XMAC_bestSD_small-11-20230516-17:47:38-10012;runattr;;;processid;10012;
XMAC_bestSD_small-11-20230516-17:47:38-10012;runattr;;;repetition;0;
XMAC_bestSD_small-11-20230516-17:47:38-10012;runattr;;;replication;#0;
XMAC_bestSD_small-11-20230516-17:47:38-10012;runattr;;;resultdir;results/XMAC_bestSD_small;
XMAC_bestSD_small-11-20230516-17:47:38-10012;runattr;;;runnumber;11;
XMAC_bestSD_small-11-20230516-17:47:38-10012;runattr;;;seedset;11;
XMAC_bestSD_small-11-20230516-17:47:38-10012;itervar;;;N;16;
XMAC_bestSD_small-11-20230516-17:47:38-10012;config;;;image-path;../../../../../Omnet++/inet4.5/images;
XMAC_bestSD_small-11-20230516-17:47:38-10012;config;;;result-dir;results/XMAC_bestSD_small;
XMAC_bestSD_small-11-20230516-17:47:38-10012;config;;;*.distFromSensorToSink;20m;
XMAC_bestSD_small-11-20230516-17:47:38-10012;config;;;*.distFromServerToSink;5m;
XMAC_bestSD_small-11-20230516-17:47:38-10012;config;;;*.sensorsTotalNumber;16;
XMAC_bestSD_small-11-20230516-17:47:38-10012;config;;;**.vector-recording;false;
XMAC_bestSD_small-11-20230516-17:47:38-10012;config;;;**.wlan[*].mac.typename;XMac;
XMAC_bestSD_small-11-20230516-17:47:38-10012;config;;;**.wlan[*].mac.headerLength;80b;
XMAC_bestSD_small-11-20230516-17:47:38-10012;config;;;*.gateway.wlan[*].mac.slotDuration;0.07s;
XMAC_bestSD_small-11-20230516-17:47:38-10012;config;;;*.sensor*.wlan[*].mac.slotDuration;2.5*0.07s;
XMAC_bestSD_small-11-20230516-17:47:38-10012;config;;;**.wlan[*].queue.typename;DropTailQueue;
XMAC_bestSD_small-11-20230516-17:47:38-10012;config;;;network;SimMAC;
XMAC_bestSD_small-11-20230516-17:47:38-10012;config;;;*.sensorsType1Number;int(floor(0.5*sensorsTotalNumber));
XMAC_bestSD_small-11-20230516-17:47:38-10012;config;;;*.sensorsType2Number;int(floor(0.3*sensorsTotalNumber));
XMAC_bestSD_small-11-20230516-17:47:38-10012;config;;;*.sensorsType3Number;sensorsTotalNumber - (sensorsType1Number + sensorsType2Number);
XMAC_bestSD_small-11-20230516-17:47:38-10012;config;;;*.distFromSensorToSink;50m;
XMAC_bestSD_small-11-20230516-17:47:38-10012;config;;;*.distFromServerToSink;30m;
XMAC_bestSD_small-11-20230516-17:47:38-10012;config;;;sim-time-limit;100s;
XMAC_bestSD_small-11-20230516-17:47:38-10012;config;;;*.enableVisualisation;false;
XMAC_bestSD_small-11-20230516-17:47:38-10012;config;;;*.sensor*.udp.packetSent:vector(packetBytes).vector-recording;true;
XMAC_bestSD_small-11-20230516-17:47:38-10012;config;;;*.server.udp.packetReceived:vector(packetBytes).vector-recording;true;
XMAC_bestSD_small-11-20230516-17:47:38-10012;config;;;*.gateway.eth[0].queue.outgoingDataRate:vector.vector-recording;true;
XMAC_bestSD_small-11-20230516-17:47:38-10012;config;;;*.sensorType*[0].wlan[0].queue.outgoingDataRate:vector.vector-recording;true;
XMAC_bestSD_small-11-20230516-17:47:38-10012;config;;;**.energyStorage.residualEnergyCapacity:vector.vector-recording;true;
XMAC_bestSD_small-11-20230516-17:47:38-10012;config;;;*.server.app[0].endToEndDelay:vector.vector-recording;true;
XMAC_bestSD_small-11-20230516-17:47:38-10012;config;;;*.server.app[0].throughput:vector.vector-recording;true;
XMAC_bestSD_small-11-20230516-17:47:38-10012;config;;;**.vector-recording;false;
XMAC_bestSD_small-11-20230516-17:47:38-10012;config;;;*.server.udp.packetReceived:count.scalar-recording;true;
XMAC_bestSD_small-11-20230516-17:47:38-10012;config;;;*.sensor*.udp.packetSent:count.scalar-recording;true;
XMAC_bestSD_small-11-20230516-17:47:38-10012;config;;;**.residualEnergyCapacity:last.scalar-recording;true;
XMAC_bestSD_small-11-20230516-17:47:38-10012;config;;;**.scalar-recording;false;
XMAC_bestSD_small-11-20230516-17:47:38-10012;config;;;**.param-recording;false;
XMAC_bestSD_small-11-20230516-17:47:38-10012;config;;;**.wlan[*].typename;WirelessInterface;
XMAC_bestSD_small-11-20230516-17:47:38-10012;config;;;**.wlan[*].radio.typename;ApskScalarRadio;
XMAC_bestSD_small-11-20230516-17:47:38-10012;config;;;**.arp.typename;GlobalArp;
XMAC_bestSD_small-11-20230516-17:47:38-10012;config;;;**.netmaskRoutes;"\"\"";
XMAC_bestSD_small-11-20230516-17:47:38-10012;config;;;*.gateway.forwarding;true;
XMAC_bestSD_small-11-20230516-17:47:38-10012;config;;;**.maxTransmissionDuration;100ms;
XMAC_bestSD_small-11-20230516-17:47:38-10012;config;;;*.configurator.config;"xmldoc(\"topology.xml\")";
XMAC_bestSD_small-11-20230516-17:47:38-10012;config;;;*.configurator.addStaticRoutes;false;
XMAC_bestSD_small-11-20230516-17:47:38-10012;config;;;**.mobility.constraintAreaMaxX;500m;
XMAC_bestSD_small-11-20230516-17:47:38-10012;config;;;**.mobility.constraintAreaMinX;0m;
XMAC_bestSD_small-11-20230516-17:47:38-10012;config;;;**.mobility.constraintAreaMaxY;400m;
XMAC_bestSD_small-11-20230516-17:47:38-10012;config;;;**.mobility.constraintAreaMinY;0m;
XMAC_bestSD_small-11-20230516-17:47:38-10012;config;;;**.mobility.constraintAreaMaxZ;0m;
XMAC_bestSD_small-11-20230516-17:47:38-10012;config;;;**.mobility.constraintAreaMinZ;0m;
XMAC_bestSD_small-11-20230516-17:47:38-10012;config;;;**.mobility.initFromDisplayString;false;
XMAC_bestSD_small-11-20230516-17:47:38-10012;config;;;**.radio.centerFrequency;2.45GHz;
XMAC_bestSD_small-11-20230516-17:47:38-10012;config;;;**.radio.bandwidth;2.8MHz;
XMAC_bestSD_small-11-20230516-17:47:38-10012;config;;;**.radio.transmitter.bitrate;19200 bps;
XMAC_bestSD_small-11-20230516-17:47:38-10012;config;;;**.radio.transmitter.headerLength;8b;
XMAC_bestSD_small-11-20230516-17:47:38-10012;config;;;**.radio.transmitter.preambleDuration;0.0001s;
XMAC_bestSD_small-11-20230516-17:47:38-10012;config;;;**.radio.transmitter.power;2.24mW;
XMAC_bestSD_small-11-20230516-17:47:38-10012;config;;;**.radio.receiver.energyDetection;-90dBm;
XMAC_bestSD_small-11-20230516-17:47:38-10012;config;;;**.radio.receiver.sensitivity;-100dBm;
XMAC_bestSD_small-11-20230516-17:47:38-10012;config;;;**.radio.receiver.snirThreshold;-8dB;
XMAC_bestSD_small-11-20230516-17:47:38-10012;config;;;*.radioMedium.backgroundNoise.power;-110dBm;
XMAC_bestSD_small-11-20230516-17:47:38-10012;config;;;*.visualizer.*.routingTableVisualizer.displayRoutingTables;false;
XMAC_bestSD_small-11-20230516-17:47:38-10012;config;;;*.visualizer.*.routingTableVisualizer.displayRoutesIndividually;false;
XMAC_bestSD_small-11-20230516-17:47:38-10012;config;;;*.visualizer.*.routingTableVisualizer.lineShift;0;
XMAC_bestSD_small-11-20230516-17:47:38-10012;config;;;*.visualizer.*.routingTableVisualizer.displayLabels;false;
XMAC_bestSD_small-11-20230516-17:47:38-10012;config;;;*.visualizer.*.infoVisualizer.modules;"\"*.server.app[0]\"";
XMAC_bestSD_small-11-20230516-17:47:38-10012;config;;;*.visualizer.*.infoVisualizer.format;"\"%t\"";
XMAC_bestSD_small-11-20230516-17:47:38-10012;config;;;*.sensorType1*.numApps;1;
XMAC_bestSD_small-11-20230516-17:47:38-10012;config;;;*.sensorType1*.app[*].typename;UdpBasicApp;
XMAC_bestSD_small-11-20230516-17:47:38-10012;config;;;*.sensorType1*.app[*].destAddresses;"\"server\"";
XMAC_bestSD_small-11-20230516-17:47:38-10012;config;;;*.sensorType1*.app[*].destPort;1000;
XMAC_bestSD_small-11-20230516-17:47:38-10012;config;;;*.sensorType1*.app[*].sendInterval;1s;
XMAC_bestSD_small-11-20230516-17:47:38-10012;config;;;*.sensorType1*.app[*].startTime;exponential(1s);
XMAC_bestSD_small-11-20230516-17:47:38-10012;config;;;*.sensorType1*.app[*].messageLength;25Byte;
XMAC_bestSD_small-11-20230516-17:47:38-10012;config;;;*.sensorType1*.app[*].packetName;"\"Type1SensorData\"";
XMAC_bestSD_small-11-20230516-17:47:38-10012;config;;;*.sensorType2*.numApps;1;
XMAC_bestSD_small-11-20230516-17:47:38-10012;config;;;*.sensorType2*.app[*].typename;UdpBasicApp;
XMAC_bestSD_small-11-20230516-17:47:38-10012;config;;;*.sensorType2*.app[*].destAddresses;"\"server\"";
XMAC_bestSD_small-11-20230516-17:47:38-10012;config;;;*.sensorType2*.app[*].destPort;1000;
XMAC_bestSD_small-11-20230516-17:47:38-10012;config;;;*.sensorType2*.app[*].sendInterval;uniform(0.2s,0.5s);
XMAC_bestSD_small-11-20230516-17:47:38-10012;config;;;*.sensorType2*.app[*].startTime;exponential(1s);
XMAC_bestSD_small-11-20230516-17:47:38-10012;config;;;*.sensorType2*.app[*].messageLength;10Byte;
XMAC_bestSD_small-11-20230516-17:47:38-10012;config;;;*.sensorType2*.app[*].packetName;"\"Type2SensorData\"";
XMAC_bestSD_small-11-20230516-17:47:38-10012;config;;;*.sensorType3*.numApps;1;
XMAC_bestSD_small-11-20230516-17:47:38-10012;config;;;*.sensorType3*.app[*].typename;UdpBasicApp;
XMAC_bestSD_small-11-20230516-17:47:38-10012;config;;;*.sensorType3*.app[*].destAddresses;"\"server\"";
XMAC_bestSD_small-11-20230516-17:47:38-10012;config;;;*.sensorType3*.app[*].destPort;1000;
XMAC_bestSD_small-11-20230516-17:47:38-10012;config;;;*.sensorType3*.app[*].sendInterval;5s;
XMAC_bestSD_small-11-20230516-17:47:38-10012;config;;;*.sensorType3*.app[*].startTime;exponential(1s);
XMAC_bestSD_small-11-20230516-17:47:38-10012;config;;;*.sensorType3*.app[*].messageLength;40Byte;
XMAC_bestSD_small-11-20230516-17:47:38-10012;config;;;*.sensorType3*.app[*].packetName;"\"Type3SensorData\"";
XMAC_bestSD_small-11-20230516-17:47:38-10012;config;;;*.server.numApps;1;
XMAC_bestSD_small-11-20230516-17:47:38-10012;config;;;*.server.app[0].typename;UdpSink;
XMAC_bestSD_small-11-20230516-17:47:38-10012;config;;;*.server.app[0].localPort;1000;
XMAC_bestSD_small-11-20230516-17:47:38-10012;scalar;SimMAC.sensorType1[0].energyStorage;residualEnergyCapacity:last;;;-0.77586277680451
XMAC_bestSD_small-11-20230516-17:47:38-10012;attr;SimMAC.sensorType1[0].energyStorage;residualEnergyCapacity:last;interpolationmode;linear;
XMAC_bestSD_small-11-20230516-17:47:38-10012;attr;SimMAC.sensorType1[0].energyStorage;residualEnergyCapacity:last;recordingmode;last;
XMAC_bestSD_small-11-20230516-17:47:38-10012;attr;SimMAC.sensorType1[0].energyStorage;residualEnergyCapacity:last;source;residualEnergyCapacityChanged;
XMAC_bestSD_small-11-20230516-17:47:38-10012;attr;SimMAC.sensorType1[0].energyStorage;residualEnergyCapacity:last;title;Residual energy capacity, last;
XMAC_bestSD_small-11-20230516-17:47:38-10012;attr;SimMAC.sensorType1[0].energyStorage;residualEnergyCapacity:last;unit;J;
XMAC_bestSD_small-11-20230516-17:47:38-10012;scalar;SimMAC.sensorType1[0].udp;packetSent:count;;;100
XMAC_bestSD_small-11-20230516-17:47:38-10012;attr;SimMAC.sensorType1[0].udp;packetSent:count;interpolationmode;none;
XMAC_bestSD_small-11-20230516-17:47:38-10012;attr;SimMAC.sensorType1[0].udp;packetSent:count;recordingmode;count;
XMAC_bestSD_small-11-20230516-17:47:38-10012;attr;SimMAC.sensorType1[0].udp;packetSent:count;source;packetSent;
XMAC_bestSD_small-11-20230516-17:47:38-10012;attr;SimMAC.sensorType1[0].udp;packetSent:count;title;packets sent, count;
XMAC_bestSD_small-11-20230516-17:47:38-10012;scalar;SimMAC.sensorType1[1].energyStorage;residualEnergyCapacity:last;;;-0.79594624616372
XMAC_bestSD_small-11-20230516-17:47:38-10012;attr;SimMAC.sensorType1[1].energyStorage;residualEnergyCapacity:last;interpolationmode;linear;
XMAC_bestSD_small-11-20230516-17:47:38-10012;attr;SimMAC.sensorType1[1].energyStorage;residualEnergyCapacity:last;recordingmode;last;
XMAC_bestSD_small-11-20230516-17:47:38-10012;attr;SimMAC.sensorType1[1].energyStorage;residualEnergyCapacity:last;source;residualEnergyCapacityChanged;
XMAC_bestSD_small-11-20230516-17:47:38-10012;attr;SimMAC.sensorType1[1].energyStorage;residualEnergyCapacity:last;title;Residual energy capacity, last;
XMAC_bestSD_small-11-20230516-17:47:38-10012;attr;SimMAC.sensorType1[1].energyStorage;residualEnergyCapacity:last;unit;J;
XMAC_bestSD_small-11-20230516-17:47:38-10012;scalar;SimMAC.sensorType1[1].udp;packetSent:count;;;99
XMAC_bestSD_small-11-20230516-17:47:38-10012;attr;SimMAC.sensorType1[1].udp;packetSent:count;interpolationmode;none;
XMAC_bestSD_small-11-20230516-17:47:38-10012;attr;SimMAC.sensorType1[1].udp;packetSent:count;recordingmode;count;
XMAC_bestSD_small-11-20230516-17:47:38-10012;attr;SimMAC.sensorType1[1].udp;packetSent:count;source;packetSent;
XMAC_bestSD_small-11-20230516-17:47:38-10012;attr;SimMAC.sensorType1[1].udp;packetSent:count;title;packets sent, count;
XMAC_bestSD_small-11-20230516-17:47:38-10012;scalar;SimMAC.sensorType1[2].energyStorage;residualEnergyCapacity:last;;;-0.76481917966259
XMAC_bestSD_small-11-20230516-17:47:38-10012;attr;SimMAC.sensorType1[2].energyStorage;residualEnergyCapacity:last;interpolationmode;linear;
XMAC_bestSD_small-11-20230516-17:47:38-10012;attr;SimMAC.sensorType1[2].energyStorage;residualEnergyCapacity:last;recordingmode;last;
XMAC_bestSD_small-11-20230516-17:47:38-10012;attr;SimMAC.sensorType1[2].energyStorage;residualEnergyCapacity:last;source;residualEnergyCapacityChanged;
XMAC_bestSD_small-11-20230516-17:47:38-10012;attr;SimMAC.sensorType1[2].energyStorage;residualEnergyCapacity:last;title;Residual energy capacity, last;
XMAC_bestSD_small-11-20230516-17:47:38-10012;attr;SimMAC.sensorType1[2].energyStorage;residualEnergyCapacity:last;unit;J;
XMAC_bestSD_small-11-20230516-17:47:38-10012;scalar;SimMAC.sensorType1[2].udp;packetSent:count;;;100
XMAC_bestSD_small-11-20230516-17:47:38-10012;attr;SimMAC.sensorType1[2].udp;packetSent:count;interpolationmode;none;
XMAC_bestSD_small-11-20230516-17:47:38-10012;attr;SimMAC.sensorType1[2].udp;packetSent:count;recordingmode;count;
XMAC_bestSD_small-11-20230516-17:47:38-10012;attr;SimMAC.sensorType1[2].udp;packetSent:count;source;packetSent;
XMAC_bestSD_small-11-20230516-17:47:38-10012;attr;SimMAC.sensorType1[2].udp;packetSent:count;title;packets sent, count;
XMAC_bestSD_small-11-20230516-17:47:38-10012;scalar;SimMAC.sensorType1[3].energyStorage;residualEnergyCapacity:last;;;-0.74441181015465
XMAC_bestSD_small-11-20230516-17:47:38-10012;attr;SimMAC.sensorType1[3].energyStorage;residualEnergyCapacity:last;interpolationmode;linear;
XMAC_bestSD_small-11-20230516-17:47:38-10012;attr;SimMAC.sensorType1[3].energyStorage;residualEnergyCapacity:last;recordingmode;last;
XMAC_bestSD_small-11-20230516-17:47:38-10012;attr;SimMAC.sensorType1[3].energyStorage;residualEnergyCapacity:last;source;residualEnergyCapacityChanged;
XMAC_bestSD_small-11-20230516-17:47:38-10012;attr;SimMAC.sensorType1[3].energyStorage;residualEnergyCapacity:last;title;Residual energy capacity, last;
XMAC_bestSD_small-11-20230516-17:47:38-10012;attr;SimMAC.sensorType1[3].energyStorage;residualEnergyCapacity:last;unit;J;
XMAC_bestSD_small-11-20230516-17:47:38-10012;scalar;SimMAC.sensorType1[3].udp;packetSent:count;;;98
XMAC_bestSD_small-11-20230516-17:47:38-10012;attr;SimMAC.sensorType1[3].udp;packetSent:count;interpolationmode;none;
XMAC_bestSD_small-11-20230516-17:47:38-10012;attr;SimMAC.sensorType1[3].udp;packetSent:count;recordingmode;count;
XMAC_bestSD_small-11-20230516-17:47:38-10012;attr;SimMAC.sensorType1[3].udp;packetSent:count;source;packetSent;
XMAC_bestSD_small-11-20230516-17:47:38-10012;attr;SimMAC.sensorType1[3].udp;packetSent:count;title;packets sent, count;
XMAC_bestSD_small-11-20230516-17:47:38-10012;scalar;SimMAC.sensorType1[4].energyStorage;residualEnergyCapacity:last;;;-0.7685742467496
XMAC_bestSD_small-11-20230516-17:47:38-10012;attr;SimMAC.sensorType1[4].energyStorage;residualEnergyCapacity:last;interpolationmode;linear;
XMAC_bestSD_small-11-20230516-17:47:38-10012;attr;SimMAC.sensorType1[4].energyStorage;residualEnergyCapacity:last;recordingmode;last;
XMAC_bestSD_small-11-20230516-17:47:38-10012;attr;SimMAC.sensorType1[4].energyStorage;residualEnergyCapacity:last;source;residualEnergyCapacityChanged;
XMAC_bestSD_small-11-20230516-17:47:38-10012;attr;SimMAC.sensorType1[4].energyStorage;residualEnergyCapacity:last;title;Residual energy capacity, last;
XMAC_bestSD_small-11-20230516-17:47:38-10012;attr;SimMAC.sensorType1[4].energyStorage;residualEnergyCapacity:last;unit;J;
XMAC_bestSD_small-11-20230516-17:47:38-10012;scalar;SimMAC.sensorType1[4].udp;packetSent:count;;;100
XMAC_bestSD_small-11-20230516-17:47:38-10012;attr;SimMAC.sensorType1[4].udp;packetSent:count;interpolationmode;none;
XMAC_bestSD_small-11-20230516-17:47:38-10012;attr;SimMAC.sensorType1[4].udp;packetSent:count;recordingmode;count;
XMAC_bestSD_small-11-20230516-17:47:38-10012;attr;SimMAC.sensorType1[4].udp;packetSent:count;source;packetSent;
XMAC_bestSD_small-11-20230516-17:47:38-10012;attr;SimMAC.sensorType1[4].udp;packetSent:count;title;packets sent, count;
XMAC_bestSD_small-11-20230516-17:47:38-10012;scalar;SimMAC.sensorType1[5].energyStorage;residualEnergyCapacity:last;;;-0.82005985520348
XMAC_bestSD_small-11-20230516-17:47:38-10012;attr;SimMAC.sensorType1[5].energyStorage;residualEnergyCapacity:last;interpolationmode;linear;
XMAC_bestSD_small-11-20230516-17:47:38-10012;attr;SimMAC.sensorType1[5].energyStorage;residualEnergyCapacity:last;recordingmode;last;
XMAC_bestSD_small-11-20230516-17:47:38-10012;attr;SimMAC.sensorType1[5].energyStorage;residualEnergyCapacity:last;source;residualEnergyCapacityChanged;
XMAC_bestSD_small-11-20230516-17:47:38-10012;attr;SimMAC.sensorType1[5].energyStorage;residualEnergyCapacity:last;title;Residual energy capacity, last;
XMAC_bestSD_small-11-20230516-17:47:38-10012;attr;SimMAC.sensorType1[5].energyStorage;residualEnergyCapacity:last;unit;J;
XMAC_bestSD_small-11-20230516-17:47:38-10012;scalar;SimMAC.sensorType1[5].udp;packetSent:count;;;100
XMAC_bestSD_small-11-20230516-17:47:38-10012;attr;SimMAC.sensorType1[5].udp;packetSent:count;interpolationmode;none;
XMAC_bestSD_small-11-20230516-17:47:38-10012;attr;SimMAC.sensorType1[5].udp;packetSent:count;recordingmode;count;
XMAC_bestSD_small-11-20230516-17:47:38-10012;attr;SimMAC.sensorType1[5].udp;packetSent:count;source;packetSent;
XMAC_bestSD_small-11-20230516-17:47:38-10012;attr;SimMAC.sensorType1[5].udp;packetSent:count;title;packets sent, count;
XMAC_bestSD_small-11-20230516-17:47:38-10012;scalar;SimMAC.sensorType1[6].energyStorage;residualEnergyCapacity:last;;;-0.75716092319518
XMAC_bestSD_small-11-20230516-17:47:38-10012;attr;SimMAC.sensorType1[6].energyStorage;residualEnergyCapacity:last;interpolationmode;linear;
XMAC_bestSD_small-11-20230516-17:47:38-10012;attr;SimMAC.sensorType1[6].energyStorage;residualEnergyCapacity:last;recordingmode;last;
XMAC_bestSD_small-11-20230516-17:47:38-10012;attr;SimMAC.sensorType1[6].energyStorage;residualEnergyCapacity:last;source;residualEnergyCapacityChanged;
XMAC_bestSD_small-11-20230516-17:47:38-10012;attr;SimMAC.sensorType1[6].energyStorage;residualEnergyCapacity:last;title;Residual energy capacity, last;
XMAC_bestSD_small-11-20230516-17:47:38-10012;attr;SimMAC.sensorType1[6].energyStorage;residualEnergyCapacity:last;unit;J;
XMAC_bestSD_small-11-20230516-17:47:38-10012;scalar;SimMAC.sensorType1[6].udp;packetSent:count;;;98
XMAC_bestSD_small-11-20230516-17:47:38-10012;attr;SimMAC.sensorType1[6].udp;packetSent:count;interpolationmode;none;
XMAC_bestSD_small-11-20230516-17:47:38-10012;attr;SimMAC.sensorType1[6].udp;packetSent:count;recordingmode;count;
XMAC_bestSD_small-11-20230516-17:47:38-10012;attr;SimMAC.sensorType1[6].udp;packetSent:count;source;packetSent;
XMAC_bestSD_small-11-20230516-17:47:38-10012;attr;SimMAC.sensorType1[6].udp;packetSent:count;title;packets sent, count;
XMAC_bestSD_small-11-20230516-17:47:38-10012;scalar;SimMAC.sensorType1[7].energyStorage;residualEnergyCapacity:last;;;-0.73013537353175
XMAC_bestSD_small-11-20230516-17:47:38-10012;attr;SimMAC.sensorType1[7].energyStorage;residualEnergyCapacity:last;interpolationmode;linear;
XMAC_bestSD_small-11-20230516-17:47:38-10012;attr;SimMAC.sensorType1[7].energyStorage;residualEnergyCapacity:last;recordingmode;last;
XMAC_bestSD_small-11-20230516-17:47:38-10012;attr;SimMAC.sensorType1[7].energyStorage;residualEnergyCapacity:last;source;residualEnergyCapacityChanged;
XMAC_bestSD_small-11-20230516-17:47:38-10012;attr;SimMAC.sensorType1[7].energyStorage;residualEnergyCapacity:last;title;Residual energy capacity, last;
XMAC_bestSD_small-11-20230516-17:47:38-10012;attr;SimMAC.sensorType1[7].energyStorage;residualEnergyCapacity:last;unit;J;
XMAC_bestSD_small-11-20230516-17:47:38-10012;scalar;SimMAC.sensorType1[7].udp;packetSent:count;;;99
XMAC_bestSD_small-11-20230516-17:47:38-10012;attr;SimMAC.sensorType1[7].udp;packetSent:count;interpolationmode;none;
XMAC_bestSD_small-11-20230516-17:47:38-10012;attr;SimMAC.sensorType1[7].udp;packetSent:count;recordingmode;count;
XMAC_bestSD_small-11-20230516-17:47:38-10012;attr;SimMAC.sensorType1[7].udp;packetSent:count;source;packetSent;
XMAC_bestSD_small-11-20230516-17:47:38-10012;attr;SimMAC.sensorType1[7].udp;packetSent:count;title;packets sent, count;
XMAC_bestSD_small-11-20230516-17:47:38-10012;scalar;SimMAC.sensorType2[0].energyStorage;residualEnergyCapacity:last;;;-1.6216179165986
XMAC_bestSD_small-11-20230516-17:47:38-10012;attr;SimMAC.sensorType2[0].energyStorage;residualEnergyCapacity:last;interpolationmode;linear;
XMAC_bestSD_small-11-20230516-17:47:38-10012;attr;SimMAC.sensorType2[0].energyStorage;residualEnergyCapacity:last;recordingmode;last;
XMAC_bestSD_small-11-20230516-17:47:38-10012;attr;SimMAC.sensorType2[0].energyStorage;residualEnergyCapacity:last;source;residualEnergyCapacityChanged;
XMAC_bestSD_small-11-20230516-17:47:38-10012;attr;SimMAC.sensorType2[0].energyStorage;residualEnergyCapacity:last;title;Residual energy capacity, last;
XMAC_bestSD_small-11-20230516-17:47:38-10012;attr;SimMAC.sensorType2[0].energyStorage;residualEnergyCapacity:last;unit;J;
XMAC_bestSD_small-11-20230516-17:47:38-10012;scalar;SimMAC.sensorType2[0].udp;packetSent:count;;;280
XMAC_bestSD_small-11-20230516-17:47:38-10012;attr;SimMAC.sensorType2[0].udp;packetSent:count;interpolationmode;none;
XMAC_bestSD_small-11-20230516-17:47:38-10012;attr;SimMAC.sensorType2[0].udp;packetSent:count;recordingmode;count;
XMAC_bestSD_small-11-20230516-17:47:38-10012;attr;SimMAC.sensorType2[0].udp;packetSent:count;source;packetSent;
XMAC_bestSD_small-11-20230516-17:47:38-10012;attr;SimMAC.sensorType2[0].udp;packetSent:count;title;packets sent, count;
XMAC_bestSD_small-11-20230516-17:47:38-10012;scalar;SimMAC.sensorType2[1].energyStorage;residualEnergyCapacity:last;;;-1.7097182608698
XMAC_bestSD_small-11-20230516-17:47:38-10012;attr;SimMAC.sensorType2[1].energyStorage;residualEnergyCapacity:last;interpolationmode;linear;
XMAC_bestSD_small-11-20230516-17:47:38-10012;attr;SimMAC.sensorType2[1].energyStorage;residualEnergyCapacity:last;recordingmode;last;
XMAC_bestSD_small-11-20230516-17:47:38-10012;attr;SimMAC.sensorType2[1].energyStorage;residualEnergyCapacity:last;source;residualEnergyCapacityChanged;
XMAC_bestSD_small-11-20230516-17:47:38-10012;attr;SimMAC.sensorType2[1].energyStorage;residualEnergyCapacity:last;title;Residual energy capacity, last;
XMAC_bestSD_small-11-20230516-17:47:38-10012;attr;SimMAC.sensorType2[1].energyStorage;residualEnergyCapacity:last;unit;J;
XMAC_bestSD_small-11-20230516-17:47:38-10012;scalar;SimMAC.sensorType2[1].udp;packetSent:count;;;278
XMAC_bestSD_small-11-20230516-17:47:38-10012;attr;SimMAC.sensorType2[1].udp;packetSent:count;interpolationmode;none;
XMAC_bestSD_small-11-20230516-17:47:38-10012;attr;SimMAC.sensorType2[1].udp;packetSent:count;recordingmode;count;
XMAC_bestSD_small-11-20230516-17:47:38-10012;attr;SimMAC.sensorType2[1].udp;packetSent:count;source;packetSent;
XMAC_bestSD_small-11-20230516-17:47:38-10012;attr;SimMAC.sensorType2[1].udp;packetSent:count;title;packets sent, count;
XMAC_bestSD_small-11-20230516-17:47:38-10012;scalar;SimMAC.sensorType2[2].energyStorage;residualEnergyCapacity:last;;;-1.7295104252025
XMAC_bestSD_small-11-20230516-17:47:38-10012;attr;SimMAC.sensorType2[2].energyStorage;residualEnergyCapacity:last;interpolationmode;linear;
XMAC_bestSD_small-11-20230516-17:47:38-10012;attr;SimMAC.sensorType2[2].energyStorage;residualEnergyCapacity:last;recordingmode;last;
XMAC_bestSD_small-11-20230516-17:47:38-10012;attr;SimMAC.sensorType2[2].energyStorage;residualEnergyCapacity:last;source;residualEnergyCapacityChanged;
XMAC_bestSD_small-11-20230516-17:47:38-10012;attr;SimMAC.sensorType2[2].energyStorage;residualEnergyCapacity:last;title;Residual energy capacity, last;
XMAC_bestSD_small-11-20230516-17:47:38-10012;attr;SimMAC.sensorType2[2].energyStorage;residualEnergyCapacity:last;unit;J;
XMAC_bestSD_small-11-20230516-17:47:38-10012;scalar;SimMAC.sensorType2[2].udp;packetSent:count;;;283
XMAC_bestSD_small-11-20230516-17:47:38-10012;attr;SimMAC.sensorType2[2].udp;packetSent:count;interpolationmode;none;
XMAC_bestSD_small-11-20230516-17:47:38-10012;attr;SimMAC.sensorType2[2].udp;packetSent:count;recordingmode;count;
XMAC_bestSD_small-11-20230516-17:47:38-10012;attr;SimMAC.sensorType2[2].udp;packetSent:count;source;packetSent;
XMAC_bestSD_small-11-20230516-17:47:38-10012;attr;SimMAC.sensorType2[2].udp;packetSent:count;title;packets sent, count;
XMAC_bestSD_small-11-20230516-17:47:38-10012;scalar;SimMAC.sensorType2[3].energyStorage;residualEnergyCapacity:last;;;-1.8031227299974
XMAC_bestSD_small-11-20230516-17:47:38-10012;attr;SimMAC.sensorType2[3].energyStorage;residualEnergyCapacity:last;interpolationmode;linear;
XMAC_bestSD_small-11-20230516-17:47:38-10012;attr;SimMAC.sensorType2[3].energyStorage;residualEnergyCapacity:last;recordingmode;last;
XMAC_bestSD_small-11-20230516-17:47:38-10012;attr;SimMAC.sensorType2[3].energyStorage;residualEnergyCapacity:last;source;residualEnergyCapacityChanged;
XMAC_bestSD_small-11-20230516-17:47:38-10012;attr;SimMAC.sensorType2[3].energyStorage;residualEnergyCapacity:last;title;Residual energy capacity, last;
XMAC_bestSD_small-11-20230516-17:47:38-10012;attr;SimMAC.sensorType2[3].energyStorage;residualEnergyCapacity:last;unit;J;
XMAC_bestSD_small-11-20230516-17:47:38-10012;scalar;SimMAC.sensorType2[3].udp;packetSent:count;;;282
XMAC_bestSD_small-11-20230516-17:47:38-10012;attr;SimMAC.sensorType2[3].udp;packetSent:count;interpolationmode;none;
XMAC_bestSD_small-11-20230516-17:47:38-10012;attr;SimMAC.sensorType2[3].udp;packetSent:count;recordingmode;count;
XMAC_bestSD_small-11-20230516-17:47:38-10012;attr;SimMAC.sensorType2[3].udp;packetSent:count;source;packetSent;
XMAC_bestSD_small-11-20230516-17:47:38-10012;attr;SimMAC.sensorType2[3].udp;packetSent:count;title;packets sent, count;
XMAC_bestSD_small-11-20230516-17:47:38-10012;scalar;SimMAC.sensorType3[0].energyStorage;residualEnergyCapacity:last;;;-0.27467299139801
XMAC_bestSD_small-11-20230516-17:47:38-10012;attr;SimMAC.sensorType3[0].energyStorage;residualEnergyCapacity:last;interpolationmode;linear;
XMAC_bestSD_small-11-20230516-17:47:38-10012;attr;SimMAC.sensorType3[0].energyStorage;residualEnergyCapacity:last;recordingmode;last;
XMAC_bestSD_small-11-20230516-17:47:38-10012;attr;SimMAC.sensorType3[0].energyStorage;residualEnergyCapacity:last;source;residualEnergyCapacityChanged;
XMAC_bestSD_small-11-20230516-17:47:38-10012;attr;SimMAC.sensorType3[0].energyStorage;residualEnergyCapacity:last;title;Residual energy capacity, last;
XMAC_bestSD_small-11-20230516-17:47:38-10012;attr;SimMAC.sensorType3[0].energyStorage;residualEnergyCapacity:last;unit;J;
XMAC_bestSD_small-11-20230516-17:47:38-10012;scalar;SimMAC.sensorType3[0].udp;packetSent:count;;;20
XMAC_bestSD_small-11-20230516-17:47:38-10012;attr;SimMAC.sensorType3[0].udp;packetSent:count;interpolationmode;none;
XMAC_bestSD_small-11-20230516-17:47:38-10012;attr;SimMAC.sensorType3[0].udp;packetSent:count;recordingmode;count;
XMAC_bestSD_small-11-20230516-17:47:38-10012;attr;SimMAC.sensorType3[0].udp;packetSent:count;source;packetSent;
XMAC_bestSD_small-11-20230516-17:47:38-10012;attr;SimMAC.sensorType3[0].udp;packetSent:count;title;packets sent, count;
XMAC_bestSD_small-11-20230516-17:47:38-10012;scalar;SimMAC.sensorType3[1].energyStorage;residualEnergyCapacity:last;;;-0.29102906442968
XMAC_bestSD_small-11-20230516-17:47:38-10012;attr;SimMAC.sensorType3[1].energyStorage;residualEnergyCapacity:last;interpolationmode;linear;
XMAC_bestSD_small-11-20230516-17:47:38-10012;attr;SimMAC.sensorType3[1].energyStorage;residualEnergyCapacity:last;recordingmode;last;
XMAC_bestSD_small-11-20230516-17:47:38-10012;attr;SimMAC.sensorType3[1].energyStorage;residualEnergyCapacity:last;source;residualEnergyCapacityChanged;
XMAC_bestSD_small-11-20230516-17:47:38-10012;attr;SimMAC.sensorType3[1].energyStorage;residualEnergyCapacity:last;title;Residual energy capacity, last;
XMAC_bestSD_small-11-20230516-17:47:38-10012;attr;SimMAC.sensorType3[1].energyStorage;residualEnergyCapacity:last;unit;J;
XMAC_bestSD_small-11-20230516-17:47:38-10012;scalar;SimMAC.sensorType3[1].udp;packetSent:count;;;20
XMAC_bestSD_small-11-20230516-17:47:38-10012;attr;SimMAC.sensorType3[1].udp;packetSent:count;interpolationmode;none;
XMAC_bestSD_small-11-20230516-17:47:38-10012;attr;SimMAC.sensorType3[1].udp;packetSent:count;recordingmode;count;
XMAC_bestSD_small-11-20230516-17:47:38-10012;attr;SimMAC.sensorType3[1].udp;packetSent:count;source;packetSent;
XMAC_bestSD_small-11-20230516-17:47:38-10012;attr;SimMAC.sensorType3[1].udp;packetSent:count;title;packets sent, count;
XMAC_bestSD_small-11-20230516-17:47:38-10012;scalar;SimMAC.sensorType3[2].energyStorage;residualEnergyCapacity:last;;;-0.29976363730587
XMAC_bestSD_small-11-20230516-17:47:38-10012;attr;SimMAC.sensorType3[2].energyStorage;residualEnergyCapacity:last;interpolationmode;linear;
XMAC_bestSD_small-11-20230516-17:47:38-10012;attr;SimMAC.sensorType3[2].energyStorage;residualEnergyCapacity:last;recordingmode;last;
XMAC_bestSD_small-11-20230516-17:47:38-10012;attr;SimMAC.sensorType3[2].energyStorage;residualEnergyCapacity:last;source;residualEnergyCapacityChanged;
XMAC_bestSD_small-11-20230516-17:47:38-10012;attr;SimMAC.sensorType3[2].energyStorage;residualEnergyCapacity:last;title;Residual energy capacity, last;
XMAC_bestSD_small-11-20230516-17:47:38-10012;attr;SimMAC.sensorType3[2].energyStorage;residualEnergyCapacity:last;unit;J;
XMAC_bestSD_small-11-20230516-17:47:38-10012;scalar;SimMAC.sensorType3[2].udp;packetSent:count;;;20
XMAC_bestSD_small-11-20230516-17:47:38-10012;attr;SimMAC.sensorType3[2].udp;packetSent:count;interpolationmode;none;
XMAC_bestSD_small-11-20230516-17:47:38-10012;attr;SimMAC.sensorType3[2].udp;packetSent:count;recordingmode;count;
XMAC_bestSD_small-11-20230516-17:47:38-10012;attr;SimMAC.sensorType3[2].udp;packetSent:count;source;packetSent;
XMAC_bestSD_small-11-20230516-17:47:38-10012;attr;SimMAC.sensorType3[2].udp;packetSent:count;title;packets sent, count;
XMAC_bestSD_small-11-20230516-17:47:38-10012;scalar;SimMAC.sensorType3[3].energyStorage;residualEnergyCapacity:last;;;-0.29610557213674
XMAC_bestSD_small-11-20230516-17:47:38-10012;attr;SimMAC.sensorType3[3].energyStorage;residualEnergyCapacity:last;interpolationmode;linear;
XMAC_bestSD_small-11-20230516-17:47:38-10012;attr;SimMAC.sensorType3[3].energyStorage;residualEnergyCapacity:last;recordingmode;last;
XMAC_bestSD_small-11-20230516-17:47:38-10012;attr;SimMAC.sensorType3[3].energyStorage;residualEnergyCapacity:last;source;residualEnergyCapacityChanged;
XMAC_bestSD_small-11-20230516-17:47:38-10012;attr;SimMAC.sensorType3[3].energyStorage;residualEnergyCapacity:last;title;Residual energy capacity, last;
XMAC_bestSD_small-11-20230516-17:47:38-10012;attr;SimMAC.sensorType3[3].energyStorage;residualEnergyCapacity:last;unit;J;
XMAC_bestSD_small-11-20230516-17:47:38-10012;scalar;SimMAC.sensorType3[3].udp;packetSent:count;;;20
XMAC_bestSD_small-11-20230516-17:47:38-10012;attr;SimMAC.sensorType3[3].udp;packetSent:count;interpolationmode;none;
XMAC_bestSD_small-11-20230516-17:47:38-10012;attr;SimMAC.sensorType3[3].udp;packetSent:count;recordingmode;count;
XMAC_bestSD_small-11-20230516-17:47:38-10012;attr;SimMAC.sensorType3[3].udp;packetSent:count;source;packetSent;
XMAC_bestSD_small-11-20230516-17:47:38-10012;attr;SimMAC.sensorType3[3].udp;packetSent:count;title;packets sent, count;
XMAC_bestSD_small-11-20230516-17:47:38-10012;scalar;SimMAC.gateway.energyStorage;residualEnergyCapacity:last;;;-1.3035619167847
XMAC_bestSD_small-11-20230516-17:47:38-10012;attr;SimMAC.gateway.energyStorage;residualEnergyCapacity:last;interpolationmode;linear;
XMAC_bestSD_small-11-20230516-17:47:38-10012;attr;SimMAC.gateway.energyStorage;residualEnergyCapacity:last;recordingmode;last;
XMAC_bestSD_small-11-20230516-17:47:38-10012;attr;SimMAC.gateway.energyStorage;residualEnergyCapacity:last;source;residualEnergyCapacityChanged;
XMAC_bestSD_small-11-20230516-17:47:38-10012;attr;SimMAC.gateway.energyStorage;residualEnergyCapacity:last;title;Residual energy capacity, last;
XMAC_bestSD_small-11-20230516-17:47:38-10012;attr;SimMAC.gateway.energyStorage;residualEnergyCapacity:last;unit;J;
XMAC_bestSD_small-11-20230516-17:47:38-10012;scalar;SimMAC.server.udp;packetReceived:count;;;436
XMAC_bestSD_small-11-20230516-17:47:38-10012;attr;SimMAC.server.udp;packetReceived:count;interpolationmode;none;
XMAC_bestSD_small-11-20230516-17:47:38-10012;attr;SimMAC.server.udp;packetReceived:count;recordingmode;count;
XMAC_bestSD_small-11-20230516-17:47:38-10012;attr;SimMAC.server.udp;packetReceived:count;source;packetReceived;
XMAC_bestSD_small-11-20230516-17:47:38-10012;attr;SimMAC.server.udp;packetReceived:count;title;packets received, count;
